alias,player
dru smith,Dru Smith
amir coffey,Amir Coffey
coffey,Amir Coffey
ricky council,Ricky Council IV
council,Ricky Council IV
lindy waters,Lindy Waters III
waters,Lindy Waters III
josh okogie,Josh Okogie
okogie,Josh Okogie
blake wesley,Blake Wesley
chris paul,Chris Paul
paul,Chris Paul
damian lillard,Damian Lillard
cam spencer,Cam Spencer
spencer,Cam Spencer
isaiah jackson,Isaiah Jackson
jackson,Isaiah Jackson
marvin bagley,Marvin Bagley III
bagley,Marvin Bagley III
jordan mclaughlin,Jordan McLaughlin
mclaughlin,Jordan McLaughlin
devin booker,Devin Booker
booker,Devin Booker
chet holmgren,Chet Holmgren
holmgren,Chet Holmgren
paolo banchero,Paolo Banchero
banchero,Paolo Banchero
kyle lowry,Kyle Lowry
lowry,Kyle Lowry
james wiseman,James Wiseman
wiseman,James Wiseman
ryan rollins,Ryan Rollins
rollins,Ryan Rollins
jock landale,Jock Landale
larry nance,Larry Nance Jr.
jaxson hayes,Jaxson Hayes
hayes,Jaxson Hayes
deandre ayton,Deandre Ayton
dante exum,Dante Exum
exum,Dante Exum
eric gordon,Eric Gordon
gordon,Eric Gordon
tre mann,Tre Mann
mann,Tre Mann
drew eubanks,Drew Eubanks
eubanks,Drew Eubanks
tim hardaway,Tim Hardaway Jr.
hardaway,Tim Hardaway Jr.
josh minott,Josh Minott
minott,Josh Minott
jakob poeltl,Jakob Poeltl
poeltl,Jakob Poeltl
sandro mamukelashvili,Sandro Mamukelashvili
mamukelashvili,Sandro Mamukelashvili
jericho sims,Jericho Sims
sims,Jericho Sims
gary harris,Gary Harris
harris,Gary Harris
myles turner,Myles Turner
turner,Myles Turner
guerschon yabusele,Guerschon Yabusele
yabusele,Guerschon Yabusele
shai gilgeous alexander,Shai Gilgeous-Alexander
alexander,Shai Gilgeous-Alexander
gary trent,Gary Trent Jr.
trent,Gary Trent Jr.
trendon watford,Trendon Watford
watford,Trendon Watford
jordan clarkson,Jordan Clarkson
taurean prince,Taurean Prince
prince,Taurean Prince
mason plumlee,Mason Plumlee
plumlee,Mason Plumlee
luke kennard,Luke Kennard
kennard,Luke Kennard
nigel hayes davis,Nigel Hayes-Davis
davis,Nigel Hayes-Davis
tyus jones,Tyus Jones
nickeil alexander walker,Nickeil Alexander-Walker
walker,Nickeil Alexander-Walker
luka garza,Luka Garza
garza,Luka Garza
brook lopez,Brook Lopez
lopez,Brook Lopez
caris levert,Caris LeVert
levert,Caris LeVert
clint capela,Clint Capela
capela,Clint Capela
luke kornet,Luke Kornet
kornet,Luke Kornet
kevon looney,Kevon Looney
looney,Kevon Looney
bruce brown,Bruce Brown
brown,Bruce Brown
kevin porter,Kevin Porter Jr.
porter,Kevin Porter Jr.
ty jerome,Ty Jerome
jerome,Ty Jerome
d angelo russell,D'Angelo Russell
russell,D'Angelo Russell
tre jones,Tre Jones
jake laravia,Jake LaRavia
laravia,Jake LaRavia
dorian finney smith,Dorian Finney-Smith
paul reed,Paul Reed
reed,Paul Reed
santi aldama,Santi Aldama
aldama,Santi Aldama
jeff green,Jeff Green
green,Jeff Green
aaron holiday,Aaron Holiday
holiday,Aaron Holiday
jae sean tate,Jae'Sean Tate
tate,Jae'Sean Tate
bobby portis,Bobby Portis
portis,Bobby Portis
fred vanvleet,Fred VanVleet
vanvleet,Fred VanVleet
daniel gafford,Daniel Gafford
gafford,Daniel Gafford
steven adams,Steven Adams
adams,Steven Adams
book,Devin Booker
d book,Devin Booker
sga,Shai Gilgeous-Alexander
mr buy 2 get 1 free,Shai Gilgeous-Alexander
iron man,Jeff Green
uncle jeff,Jeff Green
big oxtail,Chet Holmgren
abraham lincoln,Chet Holmgren
dame dolla,Damian Lillard
sub zero,Damian Lillard
logo lillard,Damian Lillard
dame time,Damian Lillard
splash mountain,Brook Lopez
cp3,Chris Paul
the point god,Chris Paul
little drummer boy,Kevin Porter Jr.
bball paul,Paul Reed
dlo,D'Angelo Russell
the dancing bear,Guerschon Yabusele
